open_time,open,high,low,close,volume,close_time,quote_volume,count,taker_buy_volume,taker_buy_quote_volume,ignore
1788845520000,0.0114190,0.0114370,0.0112730,0.0113000,124164606,1788845579999,1409419.4907690,16122,56677608,643607.3709800,0
1788845580000,0.0113020,0.0113580,0.0112600,0.0112880,81504749,1788845639999,921073.3638610,11308,39477721,446245.7256760,0
1788845640000,0.0112830,0.0114980,0.0112820,0.0113810,112934950,1788845699999,1286575.1898910,13827,58838365,670356.6581290,0
1788845700000,0.0113790,0.0114450,0.0106890,0.0108530,282151518,1788845759999,3129502.1549980,27383,112882238,1253193.2413850,0
1788845760000,0.0108530,0.0108540,0.0098470,0.0100780,815292118,1788845819999,8364445.7390980,83793,363129727,3726868.0298890,0
1788845820000,0.0100800,0.0104710,0.0099310,0.0102810,390538218,1788845879999,3972121.7766790,43420,208240733,2120938.1858960,0
1788845880000,0.0102810,0.0103800,0.0100720,0.0102420,198086139,1788845939999,2033574.4435490,22644,90175374,926479.1867610,0
1788845940000,0.0102400,0.0102630,0.0090300,0.0093290,618406476,1788845999999,6020338.4848200,57212,238510580,2334126.6819700,0
1788846000000,0.0093240,0.0097210,0.0092120,0.0096400,460263887,1788846059999,4365277.0350670,48680,249495021,2369039.9858150,0
1788846060000,0.0096400,0.0099790,0.0096060,0.0098110,268897693,1788846119999,2639732.4409270,29235,142872907,1402617.9943180,0
1788846120000,0.0098130,0.0100920,0.0097980,0.0099210,201257709,1788846179999,2006178.9697930,21238,108812512,1084687.7124870,0
1788846180000,0.0099170,0.0099740,0.0095730,0.0098080,199843744,1788846239999,1949789.2910680,23806,89007234,868674.6159990,0
1788846240000,0.0098100,0.0098800,0.0096680,0.0097440,112947996,1788846299999,1103627.0240880,15256,56312128,550527.5269610,0
1788846300000,0.0097470,0.0100920,0.0097380,0.0099180,195437554,1788846359999,1937421.9263590,24973,107933884,1069981.2853290,0
1788846360000,0.0099200,0.0099500,0.0097400,0.0098660,117512502,1788846419999,1156123.5547980,14217,57520869,566194.1060920,0
1788846420000,0.0098640,0.0100670,0.0098300,0.0100580,122430906,1788846479999,1217676.9381280,13225,69726950,693890.0432420,0
1788846480000,0.0100580,0.0103650,0.0100060,0.0101880,262663079,1788846539999,2674482.2663640,27574,145034704,1477753.6927250,0
1788846540000,0.0101850,0.0102550,0.0101140,0.0101890,117044962,1788846599999,1193408.6108260,11351,56170142,572889.3149630,0
1788846600000,0.0101910,0.0102510,0.0096070,0.0097040,300088326,1788846659999,2972787.7653480,29145,135675825,1345361.3471460,0
1788846660000,0.0096990,0.0100200,0.0096830,0.0099380,145327592,1788846719999,1434659.2034170,15357,72304881,714050.7921940,0
1788846720000,0.0099380,0.0101340,0.0098220,0.0100700,107859397,1788846779999,1080248.4777250,11212,58288856,584026.3138820,0
1788846780000,0.0100720,0.0102790,0.0100250,0.0102080,130774690,1788846839999,1329407.8851620,12730,75093430,763807.1599850,0
1788846840000,0.0102110,0.0102670,0.0101040,0.0102030,75688060,1788846899999,770560.8044940,7342,35838347,364973.9996890,0
1788846900000,0.0102030,0.0103310,0.0101950,0.0102980,108178578,1788846959999,1111302.9033150,11930,56087274,576313.4262080,0
1788846960000,0.0103010,0.0103750,0.0101370,0.0101650,93377223,1788847019999,956598.9425480,10364,43264033,443672.5374220,0
1788847020000,0.0101650,0.0102960,0.0100160,0.0101400,105144499,1788847079999,1066584.5526980,11560,49390822,501328.0584760,0
1788847080000,0.0101400,0.0102830,0.0100910,0.0102490,85167251,1788847139999,869373.3673090,9084,46379932,473492.7506010,0
1788847140000,0.0102530,0.0103250,0.0101850,0.0102690,63744933,1788847199999,654188.6187510,7001,32640845,335238.1963000,0
1788847200000,0.0102650,0.0103500,0.0101050,0.0103300,114650877,1788847259999,1177133.3175260,15179,58047972,596357.6063300,0
1788847260000,0.0103330,0.0108880,0.0103280,0.0108320,419547697,1788847319999,4484972.3860160,39357,249052058,2660920.0787600,0
1788847320000,0.0108340,0.0108640,0.0106650,0.0107370,124568100,1788847379999,1337792.9322890,13099,56331229,605141.9040170,0
1788847380000,0.0107380,0.0111490,0.0106690,0.0108860,244676657,1788847439999,2669651.7518030,25329,136907981,1494089.3692190,0
1788847440000,0.0108830,0.0108830,0.0107520,0.0108370,80337410,1788847499999,868967.8146650,8959,40589842,439157.1649080,0
1788847500000,0.0108320,0.0108600,0.0107170,0.0108050,88366106,1788847559999,953652.4754480,8630,42770124,461752.7235460,0
1788847560000,0.0108070,0.0108650,0.0105020,0.0106910,119564424,1788847619999,1280850.3795120,13591,50132808,537599.8332180,0
1788847620000,0.0106870,0.0109330,0.0106680,0.0107900,88064055,1788847679999,951554.5163790,10460,46834913,506036.1949920,0
1788847680000,0.0107920,0.0107920,0.0104020,0.0106550,144391503,1788847739999,1528106.8564910,16274,63291308,670168.9579960,0
1788847740000,0.0106570,0.0107730,0.0105700,0.0106500,77405199,1788847799999,826160.2476800,8987,37514799,400533.4240590,0
1788847800000,0.0106520,0.0106960,0.0105500,0.0106710,66442862,1788847859999,705000.0628120,7529,35713324,379069.7900560,0
1788847860000,0.0106670,0.0107980,0.0106180,0.0107230,64546334,1788847919999,692125.1398590,6954,33605594,360332.4883600,0
1788847920000,0.0107240,0.0107640,0.0105920,0.0106380,71208518,1788847979999,759045.9951620,7578,32986603,351667.8322970,0
1788847980000,0.0106390,0.0107430,0.0106330,0.0107140,48339395,1788848039999,516960.8529850,5174,24465163,261672.8643840,0
1788848040000,0.0107160,0.0108460,0.0106620,0.0107210,79593133,1788848099999,855176.1044240,8472,43670051,469459.3511570,0
1788848100000,0.0107210,0.0108990,0.0106940,0.0108750,96792292,1788848159999,1045490.5682260,11781,57912434,625620.4739690,0
1788848160000,0.0108710,0.0108710,0.0106140,0.0106490,95159291,1788848219999,1021710.2165640,12525,40415355,433993.3972770,0
1788848220000,0.0106510,0.0106980,0.0104520,0.0105170,110568814,1788848279999,1170434.3488850,13275,46635259,493833.7697580,0
1788848280000,0.0105180,0.0105850,0.0095880,0.0098320,480989290,1788848339999,4850929.0906970,52359,191138143,1929122.8854560,0
1788848340000,0.0098330,0.0099610,0.0095620,0.0098040,283427028,1788848399999,2777715.1975440,34226,137891796,1352830.8179330,0
1788848400000,0.0098030,0.0100120,0.0097730,0.0099200,139848576,1788848459999,1385285.5269470,14805,73564638,728996.3834140,0
1788848460000,0.0099180,0.0101450,0.0098170,0.0100300,123840006,1788848519999,1237551.4874500,13656,66733427,667139.6138980,0
1788848520000,0.0100310,0.0100620,0.0098200,0.0099730,107540347,1788848579999,1069077.2479200,11486,52290406,520074.5253480,0
1788848580000,0.0099720,0.0101780,0.0099340,0.0100870,88936966,1788848639999,894333.1770150,9582,49805394,501012.4041240,0
1788848640000,0.0100900,0.0101370,0.0099600,0.0100010,77358349,1788848699999,778519.2098930,8886,35736142,359837.8719290,0
1788848700000,0.0100000,0.0100640,0.0098660,0.0099860,81352475,1788848759999,811984.4650640,10531,42255049,421994.8520400,0
1788848760000,0.0099870,0.0101000,0.0099830,0.0100460,52939619,1788848819999,531440.9757500,6178,29939686,300570.7387250,0
1788848820000,0.0100470,0.0101520,0.0098580,0.0099940,100842691,1788848879999,1005825.2562690,11972,49723211,495907.5530230,0
1788848880000,0.0099920,0.0100470,0.0099010,0.0099460,76851194,1788848939999,765451.8188630,9752,37956487,378314.2207390,0
1788848940000,0.0099460,0.0100250,0.0099410,0.0099930,52794878,1788848999999,527276.5868920,6666,27704275,276709.0475700,0
1788849000000,0.0099960,0.0100200,0.0098910,0.0099550,74794616,1788849059999,743699.8969500,9366,36313900,361078.8588920,0
1788849060000,0.0099550,0.0100780,0.0098710,0.0100280,92048390,1788849119999,919425.9959910,10365,49549885,495083.6823310,0
1788849120000,0.0100310,0.0100980,0.0099780,0.0100510,51257987,1788849179999,513936.9255310,6549,27948072,280338.5999130,0
1788849180000,0.0100500,0.0102240,0.0100240,0.0101850,126168830,1788849239999,1281645.5012470,13162,72910158,740741.3614060,0
1788849240000,0.0101850,0.0102390,0.0100610,0.0101680,73806208,1788849299999,749355.6813150,7932,35624022,361685.2420460,0
1788849300000,0.0101660,0.0102000,0.0101120,0.0101440,44566984,1788849359999,452720.2185040,5995,22410254,227703.2404120,0
1788849360000,0.0101440,0.0101510,0.0100020,0.0100360,58699444,1788849419999,591059.7816170,7109,22698704,228578.5784320,0
1788849420000,0.0100360,0.0100950,0.0096520,0.0097320,247242079,1788849479999,2424772.2432310,28151,99650435,977414.2722320,0
1788849480000,0.0097350,0.0099180,0.0096720,0.0097910,112078948,1788849539999,1096656.5863880,14456,59599917,583686.7499090,0
1788849540000,0.0097910,0.0098800,0.0097400,0.0098540,68155051,1788849599999,669352.2615940,9810,36015214,353811.8612130,0
1788849600000,0.0098500,0.0101810,0.0098120,0.0101040,182322626,1788849659999,1830708.5225600,20074,104075703,1045113.4349710,0
1788849660000,0.0101040,0.0101530,0.0100510,0.0101090,63058238,1788849719999,637293.9878340,7075,32754936,331148.1646620,0
1788849720000,0.0101070,0.0103510,0.0100610,0.0102700,125843848,1788849779999,1285731.0514990,12044,69837832,713837.2807320,0
1788849780000,0.0102710,0.0103090,0.0101810,0.0102130,72572136,1788849839999,742327.7669890,8048,38981845,398758.4718450,0
1788849840000,0.0102150,0.0102540,0.0101380,0.0102080,59950407,1788849899999,611444.1111150,6477,28738875,293233.8788910,0
1788849900000,0.0102120,0.0103630,0.0101460,0.0103270,92147088,1788849959999,947764.8626050,11558,51542557,530461.4822620,0
1788849960000,0.0103280,0.0105630,0.0102680,0.0104370,186821708,1788850019999,1950176.1395520,19601,116643512,1218016.2489490,0
1788850020000,0.0104360,0.0105700,0.0104180,0.0105210,114429139,1788850079999,1200350.1124700,13776,61191216,642007.2971220,0
1788850080000,0.0105200,0.0105690,0.0104690,0.0105520,81369898,1788850139999,856080.2752330,11180,43209310,454789.3552130,0
1788850140000,0.0105510,0.0105660,0.0105010,0.0105410,57135438,1788850199999,601365.5529290,7346,27088212,285186.9645470,0
1788850200000,0.0105430,0.0107700,0.0104610,0.0107320,169274401,1788850259999,1795751.0707010,19123,94766655,1006549.0538670,0
1788850260000,0.0107340,0.0107610,0.0105120,0.0105430,111909217,1788850319999,1188888.2129640,14114,49605380,527162.3525080,0
1788850320000,0.0105430,0.0106420,0.0104730,0.0105290,70267422,1788850379999,739839.0425820,8733,33975205,357900.7845700,0
1788850380000,0.0105290,0.0105910,0.0105150,0.0105590,41700979,1788850439999,439839.7211190,6018,22230740,234523.2730440,0
1788850440000,0.0105600,0.0105600,0.0104350,0.0104470,68043934,1788850499999,713155.5647560,8726,28020403,293711.6411860,0
1788850500000,0.0104480,0.0105000,0.0104150,0.0104630,44209731,1788850559999,462461.7213800,5507,24576531,257151.2693020,0
1788850560000,0.0104630,0.0105850,0.0104540,0.0105320,55966951,1788850619999,588873.9123660,6791,31258124,328918.7354800,0
1788850620000,0.0105330,0.0105720,0.0104910,0.0105030,44295694,1788850679999,466272.6773180,5038,25069489,264022.7621470,0
1788850680000,0.0105030,0.0105810,0.0104100,0.0104440,66675058,1788850739999,698102.9429550,8237,30317686,317621.9562990,0
1788850740000,0.0104450,0.0105140,0.0104320,0.0104960,39579458,1788850799999,414797.3243980,5180,19593839,205384.5192490,0
1788850800000,0.0104980,0.0105460,0.0104210,0.0104620,53016470,1788850859999,554981.4427770,6697,25068755,262490.1809000,0
1788850860000,0.0104620,0.0104780,0.0099950,0.0100110,244263609,1788850919999,2490371.0662220,28321,98806290,1007525.9642750,0
1788850920000,0.0100110,0.0101380,0.0099020,0.0100580,189528588,1788850979999,1898565.0970010,23184,96322118,965457.1938940,0
1788850980000,0.0100580,0.0102490,0.0100420,0.0102060,104691374,1788851039999,1066496.6575140,13609,55642472,566809.7364530,0
1788851040000,0.0102070,0.0102690,0.0101610,0.0102450,63769241,1788851099999,651716.1682080,8439,35388063,361753.2168610,0
1788851100000,0.0102430,0.0103720,0.0102230,0.0102820,86217238,1788851159999,887785.8870940,11223,46038703,474099.3769930,0
1788851160000,0.0102820,0.0103310,0.0102370,0.0102580,47843798,1788851219999,491791.3605150,6688,21705069,223174.4643110,0
1788851220000,0.0102580,0.0103070,0.0101540,0.0102170,58329343,1788851279999,597254.2248200,7897,27751834,284352.3884840,0
1788851280000,0.0102190,0.0103180,0.0101990,0.0102580,52108286,1788851339999,535153.3776770,7178,25610937,263103.3320010,0
1788851340000,0.0102580,0.0102880,0.0101290,0.0101730,66630080,1788851399999,679226.7965370,8678,29693722,302829.9112930,0
1788851400000,0.0101790,0.0102600,0.0101700,0.0102180,44217876,1788851459999,451295.1515470,6347,21437883,218896.0229730,0
1788851460000,0.0102200,0.0103340,0.0102090,0.0102730,49015162,1788851519999,502744.4878600,6111,27843756,285642.3873360,0
1788851520000,0.0102710,0.0103570,0.0101860,0.0103430,58757449,1788851579999,603340.5599610,6961,33315676,342270.3459970,0
1788851580000,0.0103460,0.0104900,0.0102330,0.0103500,86351728,1788851639999,895692.6310270,11085,50077927,519823.2028740,0
1788851640000,0.0103500,0.0103680,0.0102640,0.0102950,45295391,1788851699999,467135.9319260,5793,21309789,219828.3247710,0
1788851700000,0.0102960,0.0105390,0.0102720,0.0104360,85050672,1788851759999,884681.4148720,10942,48419062,504069.4776370,0
1788851760000,0.0104380,0.0106500,0.0104140,0.0106050,121718242,1788851819999,1282318.7707120,13985,80036660,843411.9390320,0
1788851820000,0.0106030,0.0107100,0.0104460,0.0106650,140477580,1788851879999,1487207.5313370,18046,77984608,826338.2761130,0
1788851880000,0.0106620,0.0106700,0.0104800,0.0105290,77829462,1788851939999,822956.9266930,9630,32280204,340927.4592530,0
1788851940000,0.0105290,0.0106580,0.0104840,0.0106120,63158432,1788851999999,668961.3322650,9161,34611858,366731.8311480,0
1788852000000,0.0106130,0.0106790,0.0100610,0.0101620,270777597,1788852059999,2798752.3586170,31520,125059722,1293123.7935700,0
1788852060000,0.0101630,0.0103320,0.0101490,0.0102410,112402631,1788852119999,1151159.7207980,16064,53290193,545989.6568010,0
1788852120000,0.0102410,0.0103480,0.0102000,0.0103240,63623398,1788852179999,653128.8082940,9131,34517337,354611.3274840,0
1788852180000,0.0103230,0.0104330,0.0103000,0.0103800,77229733,1788852239999,801161.0606200,9889,44691297,463873.1624810,0
1788852240000,0.0103810,0.0104750,0.0103600,0.0104270,53027929,1788852299999,552627.1440740,7015,28655502,298741.4387190,0
1788852300000,0.0104270,0.0105980,0.0104120,0.0105190,69894599,1788852359999,732970.7484860,9202,37092764,389273.7698160,0
1788852360000,0.0105150,0.0105700,0.0104600,0.0105210,65090959,1788852419999,684533.5317550,8536,34011744,357840.9912690,0
1788852420000,0.0105190,0.0106440,0.0105130,0.0105890,70938410,1788852479999,749969.8845680,8896,38354201,405677.2924490,0
1788852480000,0.0105880,0.0106020,0.0103000,0.0104120,108045304,1788852539999,1130718.3850570,14284,45183239,473000.4344580,0
1788852540000,0.0104110,0.0104950,0.0103660,0.0104590,67842370,1788852599999,707461.7403420,9717,36944744,385407.9848210,0
1788852600000,0.0104580,0.0105470,0.0104030,0.0105370,51432240,1788852659999,538865.3760120,7399,27453449,287746.1271680,0
1788852660000,0.0105400,0.0107500,0.0104660,0.0105430,140352262,1788852719999,1487162.2938100,15953,76516333,811733.9038820,0
1788852720000,0.0105420,0.0105770,0.0104040,0.0104420,78478567,1788852779999,823914.5740000,10006,36157405,379790.6738480,0
1788852780000,0.0104410,0.0105630,0.0103350,0.0105200,82934462,1788852839999,866985.4126940,10359,42005589,439406.3149550,0
1788852840000,0.0105190,0.0105200,0.0104390,0.0104560,38942304,1788852899999,408402.1624450,4868,18551934,194623.3042060,0
1788852900000,0.0104550,0.0104830,0.0099030,0.0099730,259753659,1788852959999,2646728.5976740,27649,101856425,1039743.6399170,0
1788852960000,0.0099760,0.0102560,0.0098010,0.0101690,292595111,1788853019999,2936078.4295980,37051,149669697,1505106.0231420,0
1788853020000,0.0101710,0.0101840,0.0100790,0.0101180,68101001,1788853079999,690431.9536510,8535,31541266,319901.0169660,0
1788853080000,0.0101180,0.0102620,0.0101010,0.0101930,72678398,1788853139999,740479.8877230,8766,44121499,449546.3810110,0
1788853140000,0.0101940,0.0102100,0.0101040,0.0102040,50131337,1788853199999,509484.2047590,6522,25416681,258424.8518490,0
1788853200000,0.0102030,0.0102040,0.0099020,0.0100620,148922436,1788853259999,1497119.2549120,16316,55766834,560682.7059350,0
1788853260000,0.0100590,0.0100850,0.0097500,0.0099270,200825676,1788853319999,1991945.4567320,25083,89074331,884040.4416130,0
1788853320000,0.0099280,0.0101160,0.0098130,0.0099050,143943603,1788853379999,1432599.9649650,17580,76162904,759013.7211320,0
1788853380000,0.0099030,0.0100120,0.0098530,0.0099860,80418589,1788853439999,799268.7389410,11345,44647667,443997.6010800,0
1788853440000,0.0099880,0.0101340,0.0099710,0.0100290,88152121,1788853499999,885665.5537600,10067,47228172,474627.5085370,0
1788853500000,0.0100250,0.0100360,0.0099010,0.0100300,71158712,1788853559999,709969.4617570,9005,36190213,361295.7390450,0
1788853560000,0.0100310,0.0100890,0.0099570,0.0099950,65255018,1788853619999,654134.6358020,8640,35691949,357953.8926330,0
1788853620000,0.0099930,0.0100880,0.0099870,0.0100280,45628932,1788853679999,458163.5044510,6018,25734012,258450.5563280,0
1788853680000,0.0100280,0.0100480,0.0099290,0.0099820,55433232,1788853739999,553473.3736280,7518,25478475,254477.2757580,0
1788853740000,0.0099800,0.0100390,0.0098730,0.0099960,70678599,1788853799999,703288.4790270,8750,35473370,353268.4761510,0
1788853800000,0.0099950,0.0100810,0.0099360,0.0100710,44655186,1788853859999,446565.2100830,5723,27886396,279066.2729880,0
1788853860000,0.0100650,0.0101260,0.0100020,0.0100800,61882214,1788853919999,623478.7761570,8420,35592042,358744.9152620,0
1788853920000,0.0100770,0.0102330,0.0100530,0.0101630,86630886,1788853979999,878270.2650160,10256,51850348,525830.5240870,0
1788853980000,0.0101600,0.0102150,0.0101260,0.0101840,59433525,1788854039999,604570.1188700,7642,30631299,311682.4575620,0
1788854040000,0.0101850,0.0102080,0.0100800,0.0101290,52278281,1788854099999,530005.5595940,6613,22083640,223979.7769120,0
1788854100000,0.0101290,0.0102590,0.0101000,0.0102240,76836590,1788854159999,783823.1903500,9059,38469634,392506.3221050,0
1788854160000,0.0102240,0.0102450,0.0101400,0.0101860,39313523,1788854219999,400816.0012090,5416,18426904,187961.2334410,0
1788854220000,0.0101820,0.0102480,0.0101210,0.0101900,36937117,1788854279999,375935.7035350,4920,18070494,184045.7087380,0
1788854280000,0.0101900,0.0103340,0.0101900,0.0103080,92013058,1788854339999,945449.6177950,10851,53561526,550442.4836480,0
1788854340000,0.0103080,0.0103600,0.0102630,0.0103080,74255681,1788854399999,765311.1913340,8620,36560928,376996.6159230,0
1788854400000,0.0103060,0.0104990,0.0100000,0.0100190,257867617,1788854459999,2637734.0991340,30884,120100096,1230577.1358990,0
1788854460000,0.0100210,0.0101360,0.0100000,0.0100490,119480448,1788854519999,1200794.5409140,13795,56241620,565566.2470090,0
1788854520000,0.0100480,0.0100900,0.0100000,0.0100310,71481160,1788854579999,717297.2546930,8736,33900895,340298.3600490,0
1788854580000,0.0100310,0.0101960,0.0100140,0.0100940,81918086,1788854639999,827627.7929960,9790,45289218,457872.0053990,0
1788854640000,0.0100960,0.0102600,0.0100760,0.0102310,74133335,1788854699999,753769.2865540,8589,42997519,437391.3478380,0
1788854700000,0.0102310,0.0103790,0.0101920,0.0102610,98615219,1788854759999,1013848.0751970,12335,55412592,569858.6672290,0
1788854760000,0.0102600,0.0103500,0.0102440,0.0102860,67726695,1788854819999,697446.6273160,7796,34403487,354307.4930030,0
